seed,method,prior,terrain,n_victims,ttff_s,found_20min,found_total,frac_20min
0,bayes,correct,srtm,4,200.0,2,2,0.5
0,grid,correct,srtm,4,1328.0,0,2,0.0
0,bayes,wrong400,srtm,4,888.0,2,2,0.5
0,grid,wrong400,srtm,4,1328.0,0,2,0.0
1,bayes,correct,srtm,4,168.0,4,4,1.0
1,grid,correct,srtm,4,1464.0,0,4,0.0
1,bayes,wrong400,srtm,4,nan,0,0,0.0
1,grid,wrong400,srtm,4,1464.0,0,4,0.0
2,bayes,correct,srtm,3,156.0,2,2,0.6667
2,grid,correct,srtm,3,1168.0,1,2,0.3333
2,bayes,wrong400,srtm,3,108.0,2,2,0.6667
2,grid,wrong400,srtm,3,1168.0,1,2,0.3333
3,bayes,correct,srtm,4,132.0,4,4,1.0
3,grid,correct,srtm,4,896.0,3,4,0.75
3,bayes,wrong400,srtm,4,1596.0,0,4,0.0
3,grid,wrong400,srtm,4,896.0,3,4,0.75
4,bayes,correct,srtm,5,180.0,4,5,0.8
4,grid,correct,srtm,5,1360.0,0,4,0.0
4,bayes,wrong400,srtm,5,536.0,3,5,0.6
4,grid,wrong400,srtm,5,1360.0,0,4,0.0
5,bayes,correct,srtm,5,204.0,2,3,0.4
5,grid,correct,srtm,5,1332.0,0,3,0.0
5,bayes,wrong400,srtm,5,1880.0,0,4,0.0
5,grid,wrong400,srtm,5,1332.0,0,3,0.0
6,bayes,correct,srtm,6,140.0,5,6,0.8333
6,grid,correct,srtm,6,636.0,1,6,0.1667
6,bayes,wrong400,srtm,6,524.0,2,5,0.3333
6,grid,wrong400,srtm,6,636.0,1,6,0.1667
7,bayes,correct,srtm,5,200.0,3,4,0.6
7,grid,correct,srtm,5,1328.0,0,3,0.0
7,bayes,wrong400,srtm,5,908.0,4,4,0.8
7,grid,wrong400,srtm,5,1328.0,0,3,0.0
8,bayes,correct,srtm,6,132.0,5,5,0.8333
8,grid,correct,srtm,6,1272.0,0,5,0.0
8,bayes,wrong400,srtm,6,656.0,4,5,0.6667
8,grid,wrong400,srtm,6,1272.0,0,5,0.0
9,bayes,correct,srtm,6,148.0,4,6,0.6667
9,grid,correct,srtm,6,1884.0,0,4,0.0
9,bayes,wrong400,srtm,6,1492.0,0,5,0.0
9,grid,wrong400,srtm,6,1884.0,0,4,0.0
10,bayes,correct,srtm,6,144.0,6,6,1.0
10,grid,correct,srtm,6,404.0,3,4,0.5
10,bayes,wrong400,srtm,6,400.0,4,4,0.6667
10,grid,wrong400,srtm,6,404.0,3,4,0.5
11,bayes,correct,srtm,5,168.0,5,5,1.0
11,grid,correct,srtm,5,1928.0,0,5,0.0
11,bayes,wrong400,srtm,5,200.0,3,5,0.6
11,grid,wrong400,srtm,5,1928.0,0,5,0.0
12,bayes,correct,srtm,6,164.0,5,6,0.8333
12,grid,correct,srtm,6,1480.0,0,5,0.0
12,bayes,wrong400,srtm,6,1304.0,0,2,0.0
12,grid,wrong400,srtm,6,1480.0,0,5,0.0
13,bayes,correct,srtm,3,188.0,1,3,0.3333
13,grid,correct,srtm,3,1272.0,0,2,0.0
13,bayes,wrong400,srtm,3,nan,0,0,0.0
13,grid,wrong400,srtm,3,1272.0,0,2,0.0
14,bayes,correct,srtm,4,208.0,1,1,0.25
14,grid,correct,srtm,4,1336.0,0,1,0.0
14,bayes,wrong400,srtm,4,1212.0,0,1,0.0
14,grid,wrong400,srtm,4,1336.0,0,1,0.0
15,bayes,correct,srtm,6,152.0,6,6,1.0
15,grid,correct,srtm,6,1232.0,0,5,0.0
15,bayes,wrong400,srtm,6,316.0,3,6,0.5
15,grid,wrong400,srtm,6,1232.0,0,5,0.0
16,bayes,correct,srtm,3,172.0,3,3,1.0
16,grid,correct,srtm,3,1164.0,2,2,0.6667
16,bayes,wrong400,srtm,3,896.0,2,3,0.6667
16,grid,wrong400,srtm,3,1164.0,2,2,0.6667
17,bayes,correct,srtm,3,540.0,1,1,0.3333
17,grid,correct,srtm,3,340.0,1,1,0.3333
17,bayes,wrong400,srtm,3,408.0,1,1,0.3333
17,grid,wrong400,srtm,3,340.0,1,1,0.3333
18,bayes,correct,srtm,6,200.0,6,6,1.0
18,grid,correct,srtm,6,1000.0,1,6,0.1667
18,bayes,wrong400,srtm,6,832.0,2,2,0.3333
18,grid,wrong400,srtm,6,1000.0,1,6,0.1667
19,bayes,correct,srtm,5,80.0,5,5,1.0
19,grid,correct,srtm,5,1048.0,1,5,0.2
19,bayes,wrong400,srtm,5,152.0,4,5,0.8
19,grid,wrong400,srtm,5,1048.0,1,5,0.2
20,bayes,correct,srtm,6,200.0,6,6,1.0
20,grid,correct,srtm,6,268.0,5,6,0.8333
20,bayes,wrong400,srtm,6,260.0,1,1,0.1667
20,grid,wrong400,srtm,6,268.0,5,6,0.8333
21,bayes,correct,srtm,5,176.0,5,5,1.0
21,grid,correct,srtm,5,968.0,1,4,0.2
21,bayes,wrong400,srtm,5,nan,0,0,0.0
21,grid,wrong400,srtm,5,968.0,1,4,0.2
22,bayes,correct,srtm,3,204.0,3,3,1.0
22,grid,correct,srtm,3,1332.0,0,2,0.0
22,bayes,wrong400,srtm,3,652.0,2,2,0.6667
22,grid,wrong400,srtm,3,1332.0,0,2,0.0
23,bayes,correct,srtm,4,140.0,4,4,1.0
23,grid,correct,srtm,4,1372.0,0,4,0.0
23,bayes,wrong400,srtm,4,2464.0,0,4,0.0
23,grid,wrong400,srtm,4,1372.0,0,4,0.0
24,bayes,correct,srtm,6,140.0,6,6,1.0
24,grid,correct,srtm,6,168.0,4,6,0.6667
24,bayes,wrong400,srtm,6,1076.0,3,6,0.5
24,grid,wrong400,srtm,6,168.0,4,6,0.6667
25,bayes,correct,srtm,6,192.0,3,4,0.5
25,grid,correct,srtm,6,1320.0,0,3,0.0
25,bayes,wrong400,srtm,6,192.0,3,3,0.5
25,grid,wrong400,srtm,6,1320.0,0,3,0.0
26,bayes,correct,srtm,6,80.0,3,4,0.5
26,grid,correct,srtm,6,108.0,3,3,0.5
26,bayes,wrong400,srtm,6,348.0,3,4,0.5
26,grid,wrong400,srtm,6,108.0,3,3,0.5
27,bayes,correct,srtm,3,236.0,2,3,0.6667
27,grid,correct,srtm,3,404.0,2,2,0.6667
27,bayes,wrong400,srtm,3,260.0,3,3,1.0
27,grid,wrong400,srtm,3,404.0,2,2,0.6667
28,bayes,correct,srtm,6,168.0,6,6,1.0
28,grid,correct,srtm,6,1220.0,0,6,0.0
28,bayes,wrong400,srtm,6,900.0,1,6,0.1667
28,grid,wrong400,srtm,6,1220.0,0,6,0.0
29,bayes,correct,srtm,3,140.0,3,3,1.0
29,grid,correct,srtm,3,1396.0,0,2,0.0
29,bayes,wrong400,srtm,3,140.0,1,2,0.3333
29,grid,wrong400,srtm,3,1396.0,0,2,0.0
30,bayes,correct,srtm,5,216.0,5,5,1.0
30,grid,correct,srtm,5,3356.0,0,4,0.0
30,bayes,wrong400,srtm,5,268.0,4,5,0.8
30,grid,wrong400,srtm,5,3356.0,0,4,0.0
31,bayes,correct,srtm,4,148.0,3,3,0.75
31,grid,correct,srtm,4,416.0,2,2,0.5
31,bayes,wrong400,srtm,4,1040.0,1,3,0.25
31,grid,wrong400,srtm,4,416.0,2,2,0.5
32,bayes,correct,srtm,3,200.0,3,3,1.0
32,grid,correct,srtm,3,2004.0,0,2,0.0
32,bayes,wrong400,srtm,3,724.0,3,3,1.0
32,grid,wrong400,srtm,3,2004.0,0,2,0.0
33,bayes,correct,srtm,6,148.0,4,4,0.6667
33,grid,correct,srtm,6,128.0,3,4,0.5
33,bayes,wrong400,srtm,6,128.0,2,5,0.3333
33,grid,wrong400,srtm,6,128.0,3,4,0.5
34,bayes,correct,srtm,6,184.0,2,3,0.3333
34,grid,correct,srtm,6,1488.0,0,3,0.0
34,bayes,wrong400,srtm,6,340.0,2,3,0.3333
34,grid,wrong400,srtm,6,1488.0,0,3,0.0
35,bayes,correct,srtm,6,268.0,4,4,0.6667
35,grid,correct,srtm,6,896.0,1,4,0.1667
35,bayes,wrong400,srtm,6,732.0,2,5,0.3333
35,grid,wrong400,srtm,6,896.0,1,4,0.1667
36,bayes,correct,srtm,3,220.0,1,1,0.3333
36,grid,correct,srtm,3,2000.0,0,1,0.0
36,bayes,wrong400,srtm,3,nan,0,0,0.0
36,grid,wrong400,srtm,3,2000.0,0,1,0.0
37,bayes,correct,srtm,4,684.0,1,1,0.25
37,grid,correct,srtm,4,2004.0,0,1,0.0
37,bayes,wrong400,srtm,4,nan,0,0,0.0
37,grid,wrong400,srtm,4,2004.0,0,1,0.0
38,bayes,correct,srtm,4,176.0,2,4,0.5
38,grid,correct,srtm,4,1168.0,1,3,0.25
38,bayes,wrong400,srtm,4,636.0,3,4,0.75
38,grid,wrong400,srtm,4,1168.0,1,3,0.25
39,bayes,correct,srtm,6,140.0,6,6,1.0
39,grid,correct,srtm,6,668.0,2,6,0.3333
39,bayes,wrong400,srtm,6,996.0,2,6,0.3333
39,grid,wrong400,srtm,6,668.0,2,6,0.3333
40,bayes,correct,srtm,5,200.0,4,5,0.8
40,grid,correct,srtm,5,1328.0,0,4,0.0
40,bayes,wrong400,srtm,5,nan,0,0,0.0
40,grid,wrong400,srtm,5,1328.0,0,4,0.0
41,bayes,correct,srtm,3,176.0,2,3,0.6667
41,grid,correct,srtm,3,1268.0,0,2,0.0
41,bayes,wrong400,srtm,3,664.0,2,2,0.6667
41,grid,wrong400,srtm,3,1268.0,0,2,0.0
42,bayes,correct,srtm,3,268.0,3,3,1.0
42,grid,correct,srtm,3,664.0,3,3,1.0
42,bayes,wrong400,srtm,3,132.0,2,3,0.6667
42,grid,wrong400,srtm,3,664.0,3,3,1.0
43,bayes,correct,srtm,5,192.0,3,3,0.6
43,grid,correct,srtm,5,1324.0,0,3,0.0
43,bayes,wrong400,srtm,5,nan,0,0,0.0
43,grid,wrong400,srtm,5,1324.0,0,3,0.0
44,bayes,correct,srtm,3,168.0,3,3,1.0
44,grid,correct,srtm,3,1264.0,0,3,0.0
44,bayes,wrong400,srtm,3,744.0,2,3,0.6667
44,grid,wrong400,srtm,3,1264.0,0,3,0.0
45,bayes,correct,srtm,3,164.0,3,3,1.0
45,grid,correct,srtm,3,836.0,1,3,0.3333
45,bayes,wrong400,srtm,3,1216.0,0,3,0.0
45,grid,wrong400,srtm,3,836.0,1,3,0.3333
46,bayes,correct,srtm,5,196.0,3,5,0.6
46,grid,correct,srtm,5,1332.0,0,2,0.0
46,bayes,wrong400,srtm,5,784.0,2,2,0.4
46,grid,wrong400,srtm,5,1332.0,0,2,0.0
47,bayes,correct,srtm,6,196.0,3,3,0.5
47,grid,correct,srtm,6,1328.0,0,2,0.0
47,bayes,wrong400,srtm,6,360.0,2,3,0.3333
47,grid,wrong400,srtm,6,1328.0,0,2,0.0
48,bayes,correct,srtm,3,188.0,2,2,0.6667
48,grid,correct,srtm,3,2716.0,0,1,0.0
48,bayes,wrong400,srtm,3,824.0,1,2,0.3333
48,grid,wrong400,srtm,3,2716.0,0,1,0.0
49,bayes,correct,srtm,6,136.0,6,6,1.0
49,grid,correct,srtm,6,1176.0,1,4,0.1667
49,bayes,wrong400,srtm,6,136.0,1,5,0.1667
49,grid,wrong400,srtm,6,1176.0,1,4,0.1667
50,bayes,correct,srtm,3,160.0,3,3,1.0
50,grid,correct,srtm,3,196.0,2,3,0.6667
50,bayes,wrong400,srtm,3,976.0,2,3,0.6667
50,grid,wrong400,srtm,3,196.0,2,3,0.6667
51,bayes,correct,srtm,4,128.0,2,4,0.5
51,grid,correct,srtm,4,900.0,2,2,0.5
51,bayes,wrong400,srtm,4,368.0,2,4,0.5
51,grid,wrong400,srtm,4,900.0,2,2,0.5
52,bayes,correct,srtm,5,140.0,5,5,1.0
52,grid,correct,srtm,5,904.0,1,5,0.2
52,bayes,wrong400,srtm,5,1212.0,0,5,0.0
52,grid,wrong400,srtm,5,904.0,1,5,0.2
53,bayes,correct,srtm,4,132.0,4,4,1.0
53,grid,correct,srtm,4,684.0,4,4,1.0
53,bayes,wrong400,srtm,4,1404.0,0,4,0.0
53,grid,wrong400,srtm,4,684.0,4,4,1.0
54,bayes,correct,srtm,3,224.0,1,2,0.3333
54,grid,correct,srtm,3,1996.0,0,1,0.0
54,bayes,wrong400,srtm,3,784.0,2,2,0.6667
54,grid,wrong400,srtm,3,1996.0,0,1,0.0
55,bayes,correct,srtm,6,136.0,5,5,0.8333
55,grid,correct,srtm,6,404.0,1,4,0.1667
55,bayes,wrong400,srtm,6,948.0,1,4,0.1667
55,grid,wrong400,srtm,6,404.0,1,4,0.1667
56,bayes,correct,srtm,5,136.0,3,5,0.6
56,grid,correct,srtm,5,904.0,1,3,0.2
56,bayes,wrong400,srtm,5,1028.0,1,4,0.2
56,grid,wrong400,srtm,5,904.0,1,3,0.2
57,bayes,correct,srtm,4,148.0,4,4,1.0
57,grid,correct,srtm,4,656.0,2,3,0.5
57,bayes,wrong400,srtm,4,256.0,2,4,0.5
57,grid,wrong400,srtm,4,656.0,2,3,0.5
58,bayes,correct,srtm,5,204.0,4,4,0.8
58,grid,correct,srtm,5,1332.0,0,4,0.0
58,bayes,wrong400,srtm,5,nan,0,0,0.0
58,grid,wrong400,srtm,5,1332.0,0,4,0.0
59,bayes,correct,srtm,4,200.0,1,1,0.25
59,grid,correct,srtm,4,1328.0,0,1,0.0
59,bayes,wrong400,srtm,4,548.0,1,3,0.25
59,grid,wrong400,srtm,4,1328.0,0,1,0.0
60,bayes,correct,srtm,5,168.0,2,2,0.4
60,grid,correct,srtm,5,2368.0,0,1,0.0
60,bayes,wrong400,srtm,5,nan,0,0,0.0
60,grid,wrong400,srtm,5,2368.0,0,1,0.0
61,bayes,correct,srtm,6,132.0,5,5,0.8333
61,grid,correct,srtm,6,404.0,5,5,0.8333
61,bayes,wrong400,srtm,6,476.0,4,6,0.6667
61,grid,wrong400,srtm,6,404.0,5,5,0.8333
62,bayes,correct,srtm,4,136.0,4,4,1.0
62,grid,correct,srtm,4,904.0,2,4,0.5
62,bayes,wrong400,srtm,4,440.0,4,4,1.0
62,grid,wrong400,srtm,4,904.0,2,4,0.5
63,bayes,correct,srtm,5,132.0,5,5,1.0
63,grid,correct,srtm,5,180.0,3,5,0.6
63,bayes,wrong400,srtm,5,372.0,3,4,0.6
63,grid,wrong400,srtm,5,180.0,3,5,0.6
64,bayes,correct,srtm,6,152.0,4,4,0.6667
64,grid,correct,srtm,6,1168.0,1,4,0.1667
64,bayes,wrong400,srtm,6,456.0,3,4,0.5
64,grid,wrong400,srtm,6,1168.0,1,4,0.1667
65,bayes,correct,srtm,3,1256.0,0,1,0.0
65,grid,correct,srtm,3,nan,0,0,0.0
65,bayes,wrong400,srtm,3,nan,0,0,0.0
65,grid,wrong400,srtm,3,nan,0,0,0.0
66,bayes,correct,srtm,5,188.0,4,5,0.8
66,grid,correct,srtm,5,1888.0,0,4,0.0
66,bayes,wrong400,srtm,5,360.0,4,5,0.8
66,grid,wrong400,srtm,5,1888.0,0,4,0.0
67,bayes,correct,srtm,4,204.0,3,3,0.75
67,grid,correct,srtm,4,892.0,1,2,0.25
67,bayes,wrong400,srtm,4,880.0,3,3,0.75
67,grid,wrong400,srtm,4,892.0,1,2,0.25
68,bayes,correct,srtm,5,196.0,3,4,0.6
68,grid,correct,srtm,5,1324.0,0,3,0.0
68,bayes,wrong400,srtm,5,476.0,2,2,0.4
68,grid,wrong400,srtm,5,1324.0,0,3,0.0
69,bayes,correct,srtm,3,224.0,1,3,0.3333
69,grid,correct,srtm,3,1880.0,0,1,0.0
69,bayes,wrong400,srtm,3,2656.0,0,1,0.0
69,grid,wrong400,srtm,3,1880.0,0,1,0.0
70,bayes,correct,srtm,5,216.0,2,4,0.4
70,grid,correct,srtm,5,1868.0,0,1,0.0
70,bayes,wrong400,srtm,5,888.0,1,5,0.2
70,grid,wrong400,srtm,5,1868.0,0,1,0.0
71,bayes,correct,srtm,3,192.0,2,3,0.6667
71,grid,correct,srtm,3,1772.0,0,1,0.0
71,bayes,wrong400,srtm,3,484.0,2,3,0.6667
71,grid,wrong400,srtm,3,1772.0,0,1,0.0
72,bayes,correct,srtm,3,140.0,3,3,1.0
72,grid,correct,srtm,3,1672.0,0,3,0.0
72,bayes,wrong400,srtm,3,616.0,3,3,1.0
72,grid,wrong400,srtm,3,1672.0,0,3,0.0
73,bayes,correct,srtm,4,192.0,4,4,1.0
73,grid,correct,srtm,4,1320.0,0,3,0.0
73,bayes,wrong400,srtm,4,nan,0,0,0.0
73,grid,wrong400,srtm,4,1320.0,0,3,0.0
74,bayes,correct,srtm,4,196.0,4,4,1.0
74,grid,correct,srtm,4,1336.0,0,2,0.0
74,bayes,wrong400,srtm,4,196.0,2,4,0.5
74,grid,wrong400,srtm,4,1336.0,0,2,0.0
75,bayes,correct,srtm,6,132.0,6,6,1.0
75,grid,correct,srtm,6,900.0,2,5,0.3333
75,bayes,wrong400,srtm,6,916.0,2,5,0.3333
75,grid,wrong400,srtm,6,900.0,2,5,0.3333
76,bayes,correct,srtm,6,132.0,6,6,1.0
76,grid,correct,srtm,6,664.0,2,5,0.3333
76,bayes,wrong400,srtm,6,768.0,2,5,0.3333
76,grid,wrong400,srtm,6,664.0,2,5,0.3333
77,bayes,correct,srtm,4,200.0,4,4,1.0
77,grid,correct,srtm,4,1328.0,0,4,0.0
77,bayes,wrong400,srtm,4,1140.0,3,4,0.75
77,grid,wrong400,srtm,4,1328.0,0,4,0.0
78,bayes,correct,srtm,6,128.0,6,6,1.0
78,grid,correct,srtm,6,896.0,5,5,0.8333
78,bayes,wrong400,srtm,6,128.0,5,5,0.8333
78,grid,wrong400,srtm,6,896.0,5,5,0.8333
79,bayes,correct,srtm,3,212.0,3,3,1.0
79,grid,correct,srtm,3,3368.0,0,3,0.0
79,bayes,wrong400,srtm,3,220.0,3,3,1.0
79,grid,wrong400,srtm,3,3368.0,0,3,0.0
80,bayes,correct,srtm,4,200.0,2,4,0.5
80,grid,correct,srtm,4,1768.0,0,1,0.0
80,bayes,wrong400,srtm,4,548.0,1,4,0.25
80,grid,wrong400,srtm,4,1768.0,0,1,0.0
81,bayes,correct,srtm,6,152.0,5,6,0.8333
81,grid,correct,srtm,6,1688.0,0,4,0.0
81,bayes,wrong400,srtm,6,564.0,2,6,0.3333
81,grid,wrong400,srtm,6,1688.0,0,4,0.0
82,bayes,correct,srtm,3,132.0,3,3,1.0
82,grid,correct,srtm,3,904.0,3,3,1.0
82,bayes,wrong400,srtm,3,564.0,1,3,0.3333
82,grid,wrong400,srtm,3,904.0,3,3,1.0
83,bayes,correct,srtm,4,112.0,4,4,1.0
83,grid,correct,srtm,4,400.0,1,4,0.25
83,bayes,wrong400,srtm,4,1932.0,0,4,0.0
83,grid,wrong400,srtm,4,400.0,1,4,0.25
84,bayes,correct,srtm,3,184.0,3,3,1.0
84,grid,correct,srtm,3,268.0,2,2,0.6667
84,bayes,wrong400,srtm,3,752.0,2,2,0.6667
84,grid,wrong400,srtm,3,268.0,2,2,0.6667
85,bayes,correct,srtm,3,124.0,3,3,1.0
85,grid,correct,srtm,3,440.0,2,2,0.6667
85,bayes,wrong400,srtm,3,1380.0,0,3,0.0
85,grid,wrong400,srtm,3,440.0,2,2,0.6667
86,bayes,correct,srtm,3,136.0,3,3,1.0
86,grid,correct,srtm,3,684.0,2,3,0.6667
86,bayes,wrong400,srtm,3,340.0,3,3,1.0
86,grid,wrong400,srtm,3,684.0,2,3,0.6667
87,bayes,correct,srtm,3,128.0,2,3,0.6667
87,grid,correct,srtm,3,824.0,1,3,0.3333
87,bayes,wrong400,srtm,3,264.0,1,3,0.3333
87,grid,wrong400,srtm,3,824.0,1,3,0.3333
88,bayes,correct,srtm,6,216.0,5,6,0.8333
88,grid,correct,srtm,6,1968.0,0,5,0.0
88,bayes,wrong400,srtm,6,216.0,3,3,0.5
88,grid,wrong400,srtm,6,1968.0,0,5,0.0
89,bayes,correct,srtm,4,96.0,4,4,1.0
89,grid,correct,srtm,4,128.0,2,4,0.5
89,bayes,wrong400,srtm,4,100.0,1,3,0.25
89,grid,wrong400,srtm,4,128.0,2,4,0.5
90,bayes,correct,srtm,6,108.0,6,6,1.0
90,grid,correct,srtm,6,1140.0,3,6,0.5
90,bayes,wrong400,srtm,6,328.0,3,6,0.5
90,grid,wrong400,srtm,6,1140.0,3,6,0.5
91,bayes,correct,srtm,4,248.0,4,4,1.0
91,grid,correct,srtm,4,2408.0,0,4,0.0
91,bayes,wrong400,srtm,4,368.0,4,4,1.0
91,grid,wrong400,srtm,4,2408.0,0,4,0.0
92,bayes,correct,srtm,6,156.0,6,6,1.0
92,grid,correct,srtm,6,500.0,1,6,0.1667
92,bayes,wrong400,srtm,6,nan,0,0,0.0
92,grid,wrong400,srtm,6,500.0,1,6,0.1667
93,bayes,correct,srtm,3,156.0,2,2,0.6667
93,grid,correct,srtm,3,176.0,1,2,0.3333
93,bayes,wrong400,srtm,3,852.0,1,2,0.3333
93,grid,wrong400,srtm,3,176.0,1,2,0.3333
94,bayes,correct,srtm,6,168.0,6,6,1.0
94,grid,correct,srtm,6,1456.0,0,5,0.0
94,bayes,wrong400,srtm,6,380.0,6,6,1.0
94,grid,wrong400,srtm,6,1456.0,0,5,0.0
95,bayes,correct,srtm,4,200.0,2,2,0.5
95,grid,correct,srtm,4,1328.0,0,1,0.0
95,bayes,wrong400,srtm,4,352.0,1,2,0.25
95,grid,wrong400,srtm,4,1328.0,0,1,0.0
96,bayes,correct,srtm,5,128.0,3,4,0.6
96,grid,correct,srtm,5,412.0,2,3,0.4
96,bayes,wrong400,srtm,5,132.0,3,3,0.6
96,grid,wrong400,srtm,5,412.0,2,3,0.4
97,bayes,correct,srtm,3,136.0,3,3,1.0
97,grid,correct,srtm,3,2988.0,0,2,0.0
97,bayes,wrong400,srtm,3,704.0,1,3,0.3333
97,grid,wrong400,srtm,3,2988.0,0,2,0.0
98,bayes,correct,srtm,5,84.0,4,4,0.8
98,grid,correct,srtm,5,144.0,2,4,0.4
98,bayes,wrong400,srtm,5,276.0,4,4,0.8
98,grid,wrong400,srtm,5,144.0,2,4,0.4
99,bayes,correct,srtm,5,112.0,3,4,0.6
99,grid,correct,srtm,5,668.0,1,3,0.2
99,bayes,wrong400,srtm,5,600.0,3,4,0.6
99,grid,wrong400,srtm,5,668.0,1,3,0.2
